date,300308,301511,688048,688256,x0_sim,x1_sim,x2_sim,x3_sim
2024-06-24,0.22430499169446813,0.12157711754791672,0.11903797187321001,0.02819078930916131,0.02819078930916131,0.02819078930916131,0.02819078930916131,0.02819078930916131
2024-06-25,0.21128068212371706,0.12407085489004227,0.09677995532768068,0.00981509323900231,0.00981509323900231,0.02819078930916131,0.02819078930916131,0.02819078930916131
2024-06-26,0.22379957517738566,0.14152396770669975,0.10602313463510328,0.021549666610640388,0.021549666610640388,0.028186654777545523,0.02819078930916131,0.02819078930916131
2024-06-27,0.21436701194749141,0.13338961438185926,0.09119860279881005,0.012714039111033523,0.012714039111033523,0.028181234580442586,0.028190788378891694,0.02819078930916131
2024-06-28,0.21865128623329555,0.13843586081391407,0.09346355914046871,0.012836941541244732,0.012836941541244732,0.02817260742381883,0.02819078534574022,0.02819078930874269
2024-07-01,0.2354077311028745,0.1412873775290981,0.08728066646671849,0.02528124611004829,0.02528124611004829,0.028160965190235112,0.028190778375105564,0.02819078930656165
2024-07-02,0.2370571406367046,0.1563452056965076,0.07829810274968617,0.00940221753045729,0.00940221753045729,0.028149263839504134,0.02819076504749562,0.028190789299570505
2024-07-03,0.2321312455994822,0.16552322261691085,0.08142987234225454,0.006292222956536321,0.006292222956536321,0.028133938808661968,0.028190743053951094,0.028190789282015485
2024-07-04,0.2309772092563018,0.14435075334682296,0.06698988161958172,0.002024117641004669,0.002024117641004669,0.028114478424250373,0.02819070938952992,0.028190789244535587
2024-07-05,0.22739545716811313,0.13338961438185926,0.06698988161958172,0.0006336190886312336,0.0006336190886312336,0.028090137879850315,0.028190660274329992,0.02819078917299493
2024-07-08,0.23421778230892654,0.1370014200968386,0.057929272936578284,0.0,0.0,0.028060859263480994,0.0281905910263535,0.02819078904702691
2024-07-09,0.2566890244688298,0.14831701908143632,0.07728535673505178,0.030217123220931914,0.030217123220931914,0.028026760074242506,0.028190496095683838,0.028190788838247986
2024-07-10,0.2636180797317882,0.15838042793107884,0.08098422430337822,0.03760682216543333,0.03760682216543333,0.02799489551677877,0.02819036913680991,0.02819078850817385
2024-07-11,0.25434035140576117,0.16508100625228223,0.08684256361971011,0.018894852940893898,0.018894852940893898,0.02796683085224868,0.02819020463867373,0.02819078800588631
2024-07-12,0.24735236953523362,0.15543688327252325,0.08409166429227447,0.01432928854225923,0.01432928854225923,0.027938178485016982,0.02818999823760003,0.0281907872661979
2024-07-15,0.2461360689627861,0.14435075334682296,0.0798675633555524,0.03190131737235887,0.03190131737235887,0.02790795339535408,0.028189745674667123,0.02819078620843104
2024-07-16,0.24282554633488385,0.14762031938356182,0.08475389586778756,0.10608594889321121,0.10608594889321121,0.027880201470331992,0.02818944257073811,0.02819078473531233
2024-07-17,0.22789555418050816,0.13771936888009387,0.07863502106844905,0.10297978629702555,0.10297978629702555,0.02787150301397875,0.02818908534474499,0.028190782731875495
2024-07-18,0.22379957517738566,0.14294018934053157,0.07491058381884483,0.11280513198584491,0.11280513198584491,0.027880210300206282,0.028188674905939202,0.028190780064786296
2024-07-19,0.21148063607816064,0.14294018934053157,0.09528619906851578,0.13524267385341499,0.13524267385341499,0.027907659734037995,0.028188216058198157,0.028190776583730075
2024-07-22,0.2105297052588732,0.14458530046997853,0.10027541429702105,0.13039307203755116,0.13039307203755116,0.027957950199527917,0.02818771760378947,0.028190772124490174
2024-07-23,0.20118002341891336,0.1336315542398893,0.07874725364107786,0.1038322534398116,0.1038322534398116,0.028028825741822857,0.02818719306170242,0.028190766513677953
2024-07-24,0.19968254988610443,0.13915090179875575,0.06814920963292155,0.12425642663191493,0.12425642663191493,0.02811324891088207,0.028186659918099443,0.028190759575352956
2024-07-25,0.17813330645018716,0.13483877310313494,0.0696504991514804,0.11567842818067782,0.11567842818067782,0.02821509965395218,0.02818613783662287,0.02819075113909844
2024-07-26,0.18354832240895844,0.12456749585059192,0.07456998380102581,0.10753282573402582,0.10753282573402582,0.0283315305923784,0.028185649413622085,0.028190741048670538
2024-07-29,0.19773646201742426,0.11755013841870873,0.0704561711761163,0.10064275626782986,0.10064275626782986,0.028459927452024962,0.028185219380654443,0.02819072917152826
2024-07-30,0.1926765335850351,0.11628223026811298,0.0753641914805014,0.09712849736188553,0.09712849736188553,0.028598083795856693,0.02818487389835419,0.028190715408837205
2024-07-31,0.19750226276353103,0.12827020254598395,0.09249469513636693,0.1286095473711642,0.1286095473711642,0.028744658693322257,0.028184639976735745,0.028190699705600984
2024-08-01,0.1985421427570138,0.1253111499695037,0.09560683801520793,0.11916290158489574,0.11916290158489574,0.028906248441655825,0.02818454511884845,0.02819068206064858
2024-08-02,0.16893983648519156,0.11628223026811298,0.0798675633555524,0.09829222556312762,0.09829222556312762,0.029079904066282313,0.028184618767915056,0.028190662536319987
2024-08-05,0.14286813313073873,0.09963761706588109,0.06160589359540696,0.07187059824454131,0.07187059824454131,0.029260248242822133,0.028184891533568353,0.02819064126851204
2024-08-06,0.15594814341654883,0.10439876094373136,0.06849624499040428,0.07849482503805806,0.07849482503805806,0.029440920584025768,0.028185393909888928,0.028190618476713766
2024-08-07,0.15251676381924695,0.10176161078924624,0.06675754485958071,0.071533879632093,0.071533879632093,0.029623313943169697,0.028186154836422693,0.028190594473450334
2024-08-08,0.14402836190668275,0.09830360344707262,0.0611337004722451,0.07160479092119858,0.07160479092119858,0.02980569415083742,0.028187202076347118,0.028190569672513408
2024-08-09,0.15016029525022753,0.0860651039320615,0.0473953148658142,0.10136834270221838,0.10136834270221838,0.029987995984178326,0.028188561872701218,0.028190544596205055
2024-08-12,0.15260622049911604,0.07223785575623223,0.043189004754273584,0.09151267819659137,0.09151267819659137,0.030176838431188662,0.02819025899802548,0.02819051988148654
2024-08-13,0.16311186832028268,0.07424663888817541,0.04529861035104287,0.09092145384119227,0.09092145384119227,0.030369592339423237,0.028192318306154773,0.028190496285106396
2024-08-14,0.159752469796337,0.07050689869090886,0.03500100140477647,0.0925747219905391,0.0925747219905391,0.030565842834426496,0.02819476412558035,0.028190474688454727
2024-08-15,0.15776778126553362,0.07252552540586495,0.038930448349780274,0.09196817930551232,0.09196817930551232,0.03076569930978023,0.02819762018162078,0.02819045610188235
2024-08-16,0.17170439015408412,0.06231496946961081,0.04306450514442811,0.09746133089852892,0.09746133089852892,0.03096875570156148,0.028200909640745085,0.02819044166847447
2024-08-19,0.17639176147383737,0.015205107280518534,0.038930448349780274,0.11440391194404832,0.11440391194404832,0.031175997337809302,0.028204655036983096,0.028190432667324506
2024-08-20,0.17653043143222932,0.005605180406319357,0.03115494482333775,0.10304542413808725,0.10304542413808725,0.03139093462101345,0.028208878515393717,0.028190430516298385
2024-08-21,0.1779952895909384,0.009407767146566007,0.02869660326279708,0.12827040897422853,0.12827040897422853,0.031610531337574965,0.028213602631707777,0.02819043677442316
2024-08-22,0.1756984406851789,0.012488800190885175,0.02227410610084245,0.12338330744612974,0.12338330744612974,0.031840132381817834,0.028218849638847066,0.028190453144277476
2024-08-23,0.17159178172100992,0.0,0.021744470414354438,0.11123220905217306,0.11123220905217306,0.03207803579962086,0.028224642695035284,0.028190481474061634
2024-08-26,0.15553581423945717,0.014866709459856917,0.029474827592955073,0.10179649092142778,0.10179649092142778,0.03232098672206703,0.0282310054255879,0.028190523759906022
2024-08-27,0.15230903929030598,0.004212205021431648,0.022670796635339288,0.09662873601857572,0.09662873601857572,0.03256650184104403,0.028237961157029815,0.028190582148207747
2024-08-28,0.15024990070323688,0.009751434789509723,0.019484346199896967,0.09007535460543425,0.09007535460543425,0.032813181285108226,0.02824553236327655,0.02819065893764836
2024-08-29,0.13205424634686164,0.01957501854544506,0.0254348529155329,0.09022778236982296,0.09022778236982296,0.03305938302495887,0.028253740383697597,0.02819075658065847
2024-08-30,0.13911619342610854,0.0261940983420309,0.03601937154475883,0.11709165205844652,0.11709165205844652,0.0333050562980753,0.028262605101336193,0.028190877684229444
2024-09-02,0.12403470395193378,0.02422137023652688,0.010976226392925933,0.10981458825498687,0.10981458825498687,0.03355616334006273,0.028272144995943275,0.028191025009959566
2024-09-03,0.1278284538810145,0.034297186351729736,0.01774590689738096,0.09092145384119227,0.09092145384119227,0.03381068427142921,0.028282378547950585,0.028191201473396873
2024-09-04,0.11674745514316633,0.054534147959971135,0.020150636600678576,0.08827578429016675,0.08827578429016675,0.03406408521059279,0.028293323776303538,0.028191410143345863
2024-09-05,0.1159869317621193,0.04096295607726799,0.022802924884363484,0.029352739208244386,0.029352739208244386,0.03431571531376837,0.028304997233994142,0.028191654240932236
2024-09-06,0.10845544920925906,0.0320470028421707,0.012068397920083266,0.045318778780993926,0.045318778780993926,0.03455229483059348,0.028317413928194726,0.028191937137986168
2024-09-09,0.11707795059271899,0.03970294964598184,0.009056514401265476,0.036777322010329516,0.036777322010329516,0.034778064982263136,0.028330584403610522,0.028192262354742998
2024-09-10,0.13139042278004304,0.058445990674445406,0.017477670598483052,0.042472460856037085,0.042472460856037085,0.03499154577605043,0.02834451591592473,0.028192633555583976
2024-09-11,0.13059824575615808,0.12257672692811093,0.02293500223426395,0.04622541135558649,0.04622541135558649,0.03519454015432283,0.028359212260810677,0.02819305454344506
2024-09-12,0.13632145840409254,0.10387290424466905,0.01613333220497356,0.04401194500305136,0.04401194500305136,0.03538832881092585,0.028374674351741958,0.0281935292528859
2024-09-13,0.16021772033453796,0.08909614065200308,0.006017937879033796,0.055256150002241045,0.055256150002241045,0.03557279027608863,0.028390900652732746,0.02819406174214919
2024-09-18,0.15346709479593137,0.07079598145476752,0.0,0.03542334527557014,0.03542334527557014,0.0357508414987664,0.02840788727508437,0.02819465618445907
2024-09-19,0.14259284986116705,0.07050689869090886,0.007264248545657388,0.03443403164815466,0.03443403164815466,0.03591826430895974,0.028425628754023352,0.02819531685864424
2024-09-20,0.13942514144464302,0.05271396044256189,0.0014089759455042236,0.033208607987054634,0.033208607987054634,0.036075296183294865,0.02844411718183878,0.028196048139473073
2024-09-23,0.13911619342610854,0.04719641345103553,0.00657241311753939,0.04042985080894723,0.04042985080894723,0.03622211444379375,0.028463342388004235,0.02819685448732953
2024-09-24,0.17782968269766897,0.055742414335670225,0.019884275800040915,0.057647998032098004,0.057647998032098004,0.0363607928082373,0.028483292097796317,0.02819774043734847
2024-09-25,0.17736038884937183,0.061129023417189024,0.024778762594872068,0.05803305781582214,0.05803305781582214,0.036495554437974184,0.028503952510635044,0.028198710588113664
2024-09-26,0.197970499870788,0.06934819504673419,0.03867829014463192,0.061663982840464024,0.061663982840464024,0.03662662581405059,0.02852530933383292,0.028199769590205735
2024-09-27,0.2080141204224831,0.09669610568850746,0.063253467005788,0.09137761691960061,0.09137761691960061,0.03675495423044606,0.028547347865636633,0.028200922135077834
2024-09-30,0.2578464203900237,0.14692224228941755,0.1244820220920576,0.1655566199142171,0.1655566199142171,0.03688730961369473,0.028570053236492865,0.028202172944285078
2024-10-08,0.3194272104916646,0.19232220142723097,0.18590411409532942,0.239738906192825,0.239738906192825,0.03704012643991371,0.02859341194842541,0.028203526759163454
2024-10-09,0.28211644792764146,0.12407085489004227,0.19966246625077191,0.2675102600223665,0.2675102600223665,0.03722900913950557,0.028617415511354327,0.02820498833163308
2024-10-10,0.2745430014642228,0.12431926268852202,0.16994024146086803,0.23998508285205913,0.23998508285205913,0.03745832337700014,0.028642063708587694,0.028206562417710097
2024-10-11,0.2681106627182966,0.10070121100350542,0.1378672502993665,0.2229940124809248,0.2229940124809248,0.03771975676507648,0.02866736516659434,0.028208253775064158
2024-10-14,0.27306601455735896,0.14762031938356182,0.1497474854990417,0.2703480165281182,0.2703480165281182,0.038007768403175414,0.028693335039747216,0.028210067164676705
2024-10-15,0.26419642824776396,0.1319344835428168,0.15256385247804105,0.24965476011618568,0.24965476011618568,0.03833156026769074,0.028719993431477332,0.028212007355352405
2024-10-16,0.244144354705259,0.1365219752837478,0.14059516150565313,0.23407101488690216,0.23407101488690216,0.03868454765640806,0.02874736720929196,0.028214079130228577
2024-10-17,0.24820570717704854,0.14854894716455508,0.14209097669251297,0.25255118510032865,0.25255118510032865,0.039061611765215776,0.02877548817399867,0.028216287295996522
2024-10-18,0.2853484726696365,0.15039890788635718,0.17472312510666785,0.3267377104096559,0.3267377104096559,0.03946554344477548,0.02880439164808052,0.02821863669387117
2024-10-21,0.2792014873875209,0.15566418303142388,0.18990332194832718,0.3400486763137328,0.3400486763137328,0.03991151601877004,0.028834116912747832,0.02822113221158148
2024-10-22,0.2893459582803087,0.14692224228941755,0.20443980762892935,0.3184055482785562,0.3184055482785562,0.04040022841033239,0.028864710407422875,0.0282237787965218
2024-10-23,0.26066900799054415,0.14411605031919641,0.22976836594422825,0.3164679780655233,0.3164679780655233,0.04092446088773632,0.02889622550930237,0.028226581471440013
2024-10-24,0.262695094013167,0.13387332843430397,0.2486006779579562,0.32244465896635316,0.32244465896635316,0.04148177267967491,0.028928720539139516,0.02822954535242935
2024-10-25,0.26110091441285344,0.15269781150353315,0.2391732740861488,0.31926480944690566,0.31926480944690566,0.04207161109469945,0.028962257939799417,0.028232675668203245
2024-10-28,0.24829557581976364,0.1343563807386812,0.23171319855946906,0.33143547777382537,0.33143547777382537,0.042691376454142164,0.028996903918875067,0.028235977780210662
2024-10-29,0.23206083976002395,0.15085988757470487,0.21326914411375963,0.3307891091297825,0.3307891091297825,0.04334203971208924,0.02903272764693617,0.028239457203380107
2024-10-30,0.2267985291592897,0.15815487056869693,0.22084039335069086,0.34119258759811355,0.34119258759811355,0.044021625802543284,0.029069801297959077,0.02824311962709068
2024-10-31,0.23100075449975158,0.15039890788635718,0.22386678738392388,0.3487525156976295,0.3487525156976295,0.0447307318943651,0.029108199423568425,0.02824697093636761
2024-11-01,0.22555404904935217,0.12007237731133731,0.20459532028758426,0.3086339921025184,0.3086339921025184,0.04546927251314563,0.029147998936293613,0.02825101723299994
2024-11-04,0.23130744097260353,0.14010204287817318,0.2079218939375498,0.30856468806120446,0.30856468806120446,0.04622642587633995,0.029189278939054094,0.028255264856567132
2024-11-05,0.24321260582325757,0.18235140910805311,0.23113810107508725,0.33438260985622537,0.33438260985622537,0.04700091432230525,0.02923211814656888,0.028259720405293086
2024-11-06,0.230717355714079,0.18985577504045442,0.23228733301022528,0.3508996920569399,0.3508996920569399,0.04779734124832788,0.029276594583355683,0.028264390755566318
2024-11-07,0.2358265461228194,0.18487062732965875,0.2376941881135393,0.3683654195405419,0.3683654195405419,0.0486179776889817,0.029322786620441514,0.028269283080048394
2024-11-08,0.22908414670870372,0.20082149546353772,0.23528586609479327,0.32795737132186586,0.32795737132186586,0.04946518406402901,0.029370773435366888,0.028274404864899544
2024-11-11,0.2354077311028745,0.21799255373254012,0.2546326616677655,0.32749451977128646,0.32749451977128646,0.05032816962006552,0.029420635469009086,0.028279763926364845
2024-11-12,0.24140954916344864,0.19700189804085333,0.2409957268590308,0.32032431642148484,0.32032431642148484,0.051205664131900246,0.029472451900056065,0.028285368426951073
2024-11-13,0.26097160544475717,0.19921827708157558,0.2345743046341823,0.36665220026900947,0.36665220026900947,0.05209494564215623,0.02952630038852141,0.028291226890070884
2024-11-14,0.24439413837470575,0.1783255195997884,0.21980084177186548,0.3623373244581673,0.3623373244581673,0.05300546051400839,0.02958225650620841,0.028297348213109006
2024-11-15,0.22500218448170828,0.17252438491401612,0.20295890865817165,0.3488242710943166,0.3488242710943166,0.05393477909075362,0.029640395934546863,0.028303741678727116
2024-11-18,0.20397608105552514,0.1588311108555424,0.18401072578658764,0.3442969227951057,0.3442969227951057,0.05487851563815225,0.02970079388047098,0.02831041696547944
2024-11-19,0.21103027673894073,0.1761880482106381,0.20162845002146562,0.3553369113400373,0.3553369113400373,0.05583451951239578,0.029763524081688496,0.028317384157505895
2024-11-20,0.21928706670412362,0.17811235378969786,0.20513905978396924,0.36750971159979506,0.36750971159979506,0.056804245257116436,0.029828658365334104,0.02832465375289691
2024-11-21,0.20851881019616464,0.17683064934811815,0.20738255334847774,0.3998699319271498,0.3998699319271498,0.05778932393747751,0.029896267040810286,0.028332236670593973
2024-11-22,0.2046653544248316,0.1561183440555754,0.17675268228054927,0.38181751992687935,0.38181751992687935,0.058795840882816454,0.02996641931348111,0.02834014425607278
2024-11-25,0.1855771908278929,0.1637510244137008,0.17582395965389605,0.3793288945796358,0.3793288945796358,0.059818225238820265,0.03003918468048358,0.028348388286053478
2024-11-26,0.19103508128270424,0.1408137210612072,0.17429878427417544,0.3767412238924538,0.3767412238924538,0.060854679993499944,0.030114631634072804,0.028356980972912636
2024-11-27,0.19538633946043485,0.14364617572052207,0.18160840952554114,0.4155675587284895,0.4155675587284895,0.06190346997194203,0.03019282727946468,0.02836593496822636
2024-11-28,0.18501024281954195,0.1386743687350671,0.17506222004145797,0.42421339928279306,0.42421339928279306,0.06297225997682643,0.03027383698642274,0.028375263365314454
2024-11-29,0.19021137027837878,0.14364617572052207,0.1857398860806458,0.4352185198109054,0.4352185198109054,0.06406153259263761,0.03035772617414099,0.028384979700677642
2024-12-02,0.20402747107567018,0.15039890788635718,0.1905518468564387,0.4359431664420808,0.4359431664420808,0.06517226854333817,0.03044456039096096,0.02839509795518573
2024-12-03,0.1988015132629652,0.14435075334682296,0.18210682338623374,0.441687204654944,0.441687204654944,0.06630307741419664,0.030534405502226167,0.028405632555064515
2024-12-04,0.19362615472367617,0.1379583611047402,0.18035919573501286,0.42907999211125447,0.42907999211125447,0.06745375931896117,0.030627327335195197,0.028416598372775582
2024-12-05,0.20354158539256423,0.14152396770669975,0.18549339646774543,0.4417799949420057,0.4417799949420057,0.06861998708366938,0.030723391609695578,0.028428010727634182
2024-12-06,0.20269651459500374,0.14199667301142538,0.18949737006035366,0.42981564404887207,0.42981564404887207,0.06980333772792868,0.03082266294375412,0.02843988538614678
2024-12-09,0.18584665081858626,0.14294018934053157,0.19111830161238416,0.41894079018105385,0.41894079018105385,0.07099975295707078,0.030925205237985712,0.02845223856163467
2024-12-10,0.1805504052891787,0.14223278856215468,0.19625437804927456,0.41851027174760247,0.41851027174760247,0.07220561738489438,0.031031080773240335,0.028465086913352526
2024-12-11,0.18592774587679525,0.13915090179875575,0.19321412059667833,0.42329579772725506,0.42329579772725506,0.07341984286782077,0.031140349453851374,0.02847844754472144
2024-12-12,0.19924252246664031,0.14246874632682402,0.1838455881152046,0.44665373971889233,0.44665373971889233,0.07464256628042608,0.03125306865852045,0.028492338000381014
2024-12-13,0.1911943735891879,0.13483877310313494,0.17412890077887372,0.4402641519263471,0.4402641519263471,0.07587809339945985,0.03136929337552292,0.028506776262053772
2024-12-16,0.1795912816983684,0.12157711754791672,0.1643911194760126,0.4454248510218134,0.4454248510218134,0.07712381654570509,0.03148907727033012,0.028521780743343952
2024-12-17,0.18823678605432365,0.11013207946828314,0.1575043979232961,0.44169434312064776,0.44169434312064776,0.07837985345105825,0.03161247214501534,0.028537370284006765
2024-12-18,0.1813161046426142,0.11090673214828037,0.1648278935934367,0.4742957836128733,0.4742957836128733,0.07964431161052554,0.03173952803884144,0.02855356414347389
2024-12-19,0.19103508128270424,0.11013207946828314,0.16726359903484514,0.4862867905430183,0.4862867905430183,0.08092356486691638,0.0318702928724034,0.02857038199372057
2024-12-20,0.1911943735891879,0.11602810137652099,0.17868646546620442,0.5110618938485436,0.5110618938485436,0.08221902520006603,0.03200481397053832,0.028587843911350323
2024-12-23,0.20545478220336558,0.10308264786888759,0.1641287876758454,0.4943502823434798,0.4943502823434798,0.08353490396447748,0.032143138393029826,0.028605970369625224
2024-12-24,0.2029527326976815,0.1054481307095409,0.1641287876758454,0.5009139026644749,0.5009139026644749,0.08486585910355005,0.03228531387884506,0.02862478223059691
2024-12-25,0.2115055725711399,0.09535091112966487,0.16070008209719677,0.5026382720265902,0.5026382720265902,0.08621204667279464,0.03243138759342424,0.028644300737761724
2024-12-26,0.22572186298747193,0.09723275183054894,0.17438369446622332,0.4959089940087924,0.4959089940087924,0.08757252011598875,0.03258140617602479,0.028664547508653344
2024-12-27,0.2161219655745211,0.10308264786888759,0.17079923594220497,0.496445959911816,0.496445959911816,0.08894447259301254,0.03273541553693165,0.0286855445274007
2024-12-30,0.20184892842709476,0.09454132758045598,0.18434076270457836,0.5155814324155477,0.5155814324155477,0.09032686824299425,0.032893460246653634,0.028707314137164975
2024-12-31,0.1815344974002146,0.08160934992613574,0.16804284379464804,0.5001108117355535,0.5001108117355535,0.09172290387061653,0.03305558335481406,0.028729879032190306
2025-01-02,0.17769154236209378,0.07281296087852716,0.15696887597935155,0.4923824292924343,0.4923824292924343,0.09312782484901125,0.03322182717120993,0.02875326224940955
2025-01-03,0.1801669072251868,0.058445990674445406,0.13454577463606615,0.47656258042750876,0.47656258042750876,0.09453885321500849,0.03339223221915611,0.028777487159982643
2025-01-06,0.18689597470447056,0.061722494351770914,0.12241357360319896,0.4948078730380137,0.4948078730380137,0.0959515275116046,0.03356683668679073,0.028802577460303708
2025-01-07,0.19449448758254717,0.06731126893040107,0.13578322490104117,0.5356178308073059,0.5356178308073059,0.09736927421567876,0.033745675528153246,0.02882855716226064
2025-01-08,0.18346708695817618,0.060534553312742975,0.12644043869738225,0.5401263420413929,0.5401263420413929,0.09880042420007763,0.03392878138552,0.028855450582384378
2025-01-09,0.17603121799034896,0.06963822762499047,0.1280963423492497,0.532369051335867,0.532369051335867,0.10024471889713758,0.034116186570220995,0.028883282330363337
2025-01-10,0.15195170088132387,0.13387332843430397,0.14022018580401072,0.5423452795710211,0.5423452795710211,0.1016991479143697,0.034307923012006525,0.028912077297851283
2025-01-13,0.14494156556195614,0.16441664152991362,0.2017068553735519,0.5361841342750026,0.5361841342750026,0.10316483783475991,0.03450402159202012,0.0289418606475362
2025-01-14,0.15556521626363284,0.17209085581014744,0.20869091170906326,0.521790441597546,0.521790441597546,0.10463922391717505,0.03470451244047515,0.02897265780216189
2025-01-15,0.14415000696638083,0.15315580156041148,0.2006861845939102,0.5229320979260385,0.5229320979260385,0.10611801440936526,0.03490942438929606,0.02900449443364354
2025-01-16,0.1703814457809697,0.14970630795582773,0.20381705066175082,0.458475648279949,0.458475648279949,0.10760062661298271,0.035118784064190424,0.02903739645203115
2025-01-17,0.16299637383243232,0.14575570474879393,0.20552691786489918,0.45710334014654086,0.45710334014654086,0.10907174667172088,0.03533261585770081,0.029071389993924848
2025-01-20,0.16944912802714646,0.15498184431914594,0.20272449668077344,0.4747369913465732,0.4747369913465732,0.11053102653162084,0.03555093859014949,0.02910650141036256
2025-01-21,0.17057885447134138,0.15246859351413025,0.2304178700219493,0.47917503868527106,0.47917503868527106,0.11198241822082232,0.03577376570739711,0.02914275725270929
2025-01-22,0.20395058548240022,0.1545262181915103,0.22540660741349797,0.48953646529646183,0.48953646529646183,0.11342671171835271,0.03600110643869557,0.02918018425674329
2025-01-23,0.19291450148803432,0.12753276095731497,0.23811743560575954,0.47656258042750876,0.47656258042750876,0.11486599447437373,0.03623296618712609,0.02921880932555747
2025-01-24,0.19423138887986421,0.12382227220926001,0.23691687475287962,0.47127352301164505,0.47127352301164505,0.11629700239306853,0.036469347194205866,0.02925865951151865
2025-01-27,0.15694703653979256,0.10202621389475944,0.20405071710212963,0.44311952487843753,0.44311952487843753,0.11771836841054803,0.036710247968622794,0.02929976199763898
2025-02-05,0.10447238224510479,0.10202621389475944,0.21816086572003088,0.4459549995995607,0.4459549995995607,0.1191236545602594,0.03695566317207484,0.029342144078140234
2025-02-06,0.11376159953667621,0.10831791982572306,0.23185682233050592,0.43738138508521957,0.43738138508521957,0.12051372565705672,0.03720558237162049,0.029385833138208698
2025-02-07,0.13563475545335832,0.10883720296841284,0.29358385015915234,0.461811577388368,0.461811577388368,0.12188684409014627,0.03745999049985057,0.029430856632428774
2025-02-10,0.14439413101513868,0.12555868703451725,0.2892387694919503,0.49635859513283487,0.49635859513283487,0.12324879362451564,0.03771886770860679,0.029477242062178187
2025-02-11,0.1470627130245057,0.12182728532082393,0.28984555587771993,0.5061444539434287,0.5061444539434287,0.12460735115417483,0.03798219092448583,0.02952501695198102
2025-02-12,0.1482692839813954,0.13120466315712348,0.31321973908253986,0.4988721837596874,0.4988721837596874,0.12596433599442694,0.03824993577647878,0.029574208825581337
2025-02-13,0.1366951252580066,0.1263002587121192,0.32796169645374584,0.48755151295056626,0.48755151295056626,0.1273176401183646,0.03852207708735718,0.029624845182629544
2025-02-14,0.13453929076081722,0.1314481042672227,0.3114597108213913,0.47979304036619463,0.47979304036619463,0.12866435265581067,0.03879858845719507,0.029676953476182467
2025-02-17,0.15911159232028552,0.12456749585059192,0.32216282346847896,0.5018508955387854,0.5018508955387854,0.13000251372417457,0.03907944168761503,0.0297305610907992
2025-02-18,0.15331867800695348,0.12654710357315926,0.3090606516064936,0.48118821943435797,0.48118821943435797,0.13133697493382035,0.03936460644958793,0.029785695320953664
2025-02-19,0.15524118678178966,0.14411605031919641,0.33932573198697275,0.4795069246984867,0.4795069246984867,0.13266273583008753,0.0396540515013672,0.02984238334960829
2025-02-20,0.1558301863075472,0.14388119117970025,0.34664638564680544,0.47492781360391595,0.47492781360391595,0.1339793216700628,0.03994774362919732,0.029900652227498478
2025-02-21,0.1682306681525323,0.15384167472758306,0.33780048861788764,0.5491113487007707,0.5491113487007707,0.1352856345236652,0.040245647660129745,0.029960528852624922
2025-02-24,0.1560068735743541,0.1574773326708563,0.3269294642249382,0.5695058976014868,0.5695058976014868,0.13659835852323307,0.04054772633482816,0.03002203994995842
2025-02-25,0.14660926120226553,0.1637510244137008,0.3208361415338385,0.5746971868568985,0.5746971868568985,0.13792123912687274,0.040853944188597446,0.030085212051298438
2025-02-26,0.14923108331078133,0.16574412328484786,0.3548186466337813,0.577068646557092,0.577068646557092,0.13925441014720855,0.04116426832630849,0.03015007147703324
2025-02-27,0.136882051152268,0.1648596902087786,0.3512893990656981,0.5775801349661933,0.5775801349661933,0.1405973605378101,0.0414786683447526,0.030216644320063477
2025-02-28,0.11332851872934235,0.14223278856215468,0.30606693963690934,0.5453829182320437,0.5453829182320437,0.14194918282738453,0.04179711611261239,0.030284956431753312
2025-03-03,0.11960924783115562,0.1513202662183524,0.30814229048703334,0.5212389583437204,0.5212389583437204,0.14330165237793546,0.04211958547116182,0.030355033409715043
2025-03-04,0.1185924355151082,0.15269781150353315,0.3111749872317421,0.5168059104119007,0.5168059104119007,0.14464876837974713,0.042446050302623974,0.03042690058720634
2025-03-05,0.12186165446986723,0.1520097106474212,0.31094703799581047,0.5318603293027174,0.5318603293027174,0.1459892683268581,0.042776483195394406,0.030500583023195006
2025-03-06,0.12738050594523684,0.15384167472758306,0.329477238656145,0.5667014876331583,0.5667014876331583,0.1473263413886785,0.04311085524264215,0.03057610549246173
2025-03-07,0.11786889122507757,0.14505392783040763,0.314970778521437,0.5533596702061238,0.5533596702061238,0.14866747172093003,0.04344913685321658,0.0306534924756527
2025-03-10,0.11832955417127793,0.1577033231232019,0.31844625494358875,0.5687961588016271,0.5687961588016271,0.15000892715588293,0.04379129948862257,0.030732768149654022
2025-03-11,0.11635116889825439,0.15973075463552966,0.3302863889230761,0.5755303121127571,0.5755303121127571,0.15135363797998336,0.04413731478893213,0.030813956379057816
2025-03-12,0.11826393224182666,0.15338457401315073,0.35012181450253266,0.5661761305868249,0.5661761305868249,0.15270242934184064,0.04448715524130198,0.030897080708275865
2025-03-13,0.11869076850244266,0.14831701908143632,0.32491036519222977,0.5489907240203445,0.5489907240203445,0.15405246428171257,0.044840794340956024,0.030982164354572874
2025-03-14,0.12358172046154772,0.16040398640647024,0.3372729654071004,0.557676835118689,0.557676835118689,0.1553992859572954,0.0451982059196171,0.031069230202048905
2025-03-17,0.12445486420214275,0.17704459010537132,0.3594520050511854,0.5542809082089803,0.5542809082089803,0.15674448375465194,0.04555936314281716,0.03115830079622404
2025-03-18,0.13899224146724778,0.1690411559013808,0.3557703497114113,0.5533596702061238,0.5533596702061238,0.1580868507055052,0.045924238917966896,0.031249398338746386
2025-03-19,0.12677148483969372,0.16017971841118644,0.3372201684177188,0.527547892526209,0.527547892526209,0.15942579910555127,0.04629280565288102,0.031342544682403266
2025-03-20,0.12683599127611234,0.15566418303142388,0.33816927252665097,0.5273917892462373,0.5273917892462373,0.16075517263308783,0.046665035165857925,0.03143776132631402
2025-03-21,0.11855965152433283,0.14598932077744176,0.3145197528060322,0.5165031059857472,0.5165031059857472,0.16207490044205541,0.04704089734750221,0.031535069411257034
2025-03-24,0.11996910429846262,0.1379583611047402,0.28087805179044667,0.5159860366012967,0.5159860366012967,0.16338250555612566,0.04742036025947491,0.03163448971452421
2025-03-25,0.11707795059271899,0.13938892737527062,0.2779406214853496,0.49031634109179867,0.49031634109179867,0.1646779747262858,0.0478033896876681,0.03173604264437326
2025-03-26,0.11402856679055702,0.13986449769930226,0.27756381243260275,0.4907278676905509,0.4907278676905509,0.16595564228873647,0.048189949273000576,0.03183974823389934
2025-03-27,0.10743851233037002,0.13242019376294484,0.2798184798296893,0.4877109209744889,0.4877109209744889,0.16721600294285147,0.04857999936476117,0.03194562613441671
2025-03-28,0.10158353107676776,0.12431926268852202,0.2751044072801896,0.48047500457013625,0.48047500457013625,0.16845876382001276,0.04897349731876198,0.03205369560786187
2025-03-31,0.10580526867894777,0.11678994000339381,0.2761786253368038,0.4778709062359607,0.4778709062359607,0.16968270612252198,0.04937039760464058,0.032163975518404685
2025-04-01,0.10570313235764243,0.12082554900156345,0.2770607553049758,0.48431159746104624,0.48431159746104624,0.17088772338551475,0.04977065170067236,0.03227648432335917
2025-04-02,0.10960455762363636,0.12107624964024531,0.278066132531843,0.4819971762713815,0.4819971762713815,0.1720757588158958,0.05017420824537174,0.032391240063385715
2025-04-03,0.08916702602744978,0.11577378945144873,0.2755471400440514,0.48755151295056626,0.48755151295056626,0.17324669694480688,0.050581013643873574,0.032508260352092824
2025-04-07,0.014186962564275735,0.049045192212850974,0.20005656589302973,0.4382246039173161,0.4382246039173161,0.174402206972131,0.05099101218170238,0.03262756236534588
2025-04-08,0.0013483029318375641,0.06379182241908193,0.21786184363017846,0.4388001595346916,0.4388001595346916,0.17553153401857371,0.05140414653525891,0.03274916283035364
2025-04-09,0.0,0.07223785575623223,0.2472990892309544,0.4730684246739033,0.4730684246739033,0.17663570149125168,0.05182035546198776,0.03287307801477822
2025-04-10,0.02469958273219076,0.07936020850534435,0.25342124107396646,0.4645201628426378,0.4645201628426378,0.17772327450015526,0.052239574257811124,0.03299932371483282
2025-04-11,0.028490207620090226,0.08495642570448998,0.2958550777112045,0.47259893861360913,0.47259893861360913,0.1787927643259362,0.05266173689002568,0.033127915242629036
2025-04-14,0.04180389441085721,0.09019191653522977,0.2977560894516847,0.4873601408489627,0.4873601408489627,0.17984650656846973,0.05308677576193192,0.03325886741377677
2025-04-15,0.03611405626633395,0.09400057212981419,0.29537817326524535,0.47582807624223217,0.47582807624223217,0.18088823132715826,0.05351462235029599,0.03339219453512378
2025-04-16,0.026858658713300728,0.09182923053254084,0.2952588434316834,0.49262184617245686,0.49262184617245686,0.18191557225099844,0.05394520812500324,0.03352791039292027
2025-04-17,0.025219233440545767,0.10070121100350542,0.289299496478182,0.5116934523103142,0.5116934523103142,0.1829326617083506,0.054378464050913754,0.03366602824180637
2025-04-18,0.03177231132288375,0.10779787186617747,0.27938123193903336,0.5071849745591053,0.5071849745591053,0.18394394317624768,0.054814321576944616,0.033806560794362256
2025-04-21,0.0403597197769199,0.11449947506926844,0.29141819300462596,0.522370452042842,0.522370452042842,0.1849483356379512,0.05525271364535769,0.03394952021164251
2025-04-22,0.03569519088615591,0.11475470613087002,0.28747299168041873,0.5223587428390871,0.5223587428390871,0.1859492469378123,0.05569357440677586,0.03409491809510393
2025-04-23,0.04986291628679829,0.11500975283403753,0.2900879700630721,0.5165981277136433,0.5165981277136433,0.18694649728293866,0.05613683995877247,0.03424276547973252
2025-04-24,0.04093838843421184,0.1098734837784519,0.28483791544392945,0.5205867748388167,0.5205867748388167,0.18793862455475768,0.056582448239309406,0.034393072828645246
2025-04-25,0.05682944055704397,0.10909655843578506,0.28006808563310576,0.519409024289018,0.519409024289018,0.1889264361571287,0.05703033863602307,0.034545850029047136
2025-04-28,0.049339469581032455,0.10831791982572306,0.2863111522183342,0.5315170113446254,0.5315170113446254,0.1899095391397686,0.057480452124906725,0.03470110638930207
2025-04-29,0.04812882149413965,0.11167968903767145,0.2938835568851565,0.5281832505564289,0.5281832505564289,0.19089055210994424,0.057932731131134035,0.03485885063712528
2025-04-30,0.049741849319096955,0.11982096264371887,0.2964502769303622,0.5273744407399126,0.5273744407399126,0.19186848977904133,0.058387120073659066,0.03501909091877963
2025-05-06,0.06222391954724313,0.1297404812735263,0.3168810460329842,0.5294625048800736,0.5294625048800736,0.19284298609546605,0.05884356507068171,0.035181834799470964
2025-05-07,0.06222391954724313,0.1297404812735263,0.3176086388927696,0.5373313119978765,0.5373313119978765,0.19381434711806547,0.05930201379827278,0.035347089264749776
2025-05-08,0.09839057112442458,0.13096105409040032,0.31513976031672913,0.5271604149876343,0.5271604149876343,0.19478416613163593,0.05976241550646121,0.03551486072280473
2025-05-09,0.09244691022345153,0.1341149371918181,0.3246913702954797,0.5252872313852485,0.5252872313852485,0.1957498989566298,0.060224721323304566,0.035685155007609576
2025-05-12,0.10109956632574933,0.13071727683513773,0.3182230906731842,0.5107306858726983,0.5107306858726983,0.19671099787520294,0.06068888361185222,0.03585797738301624
2025-05-13,0.09818175662214068,0.1285156745484149,0.3076246293019986,0.5124680274010602,0.5124680274010602,0.1976640913019376,0.06115485580778026,0.036033332547455554
2025-05-14,0.1049515675401794,0.12777874598845496,0.3069908690397697,0.5158730259287777,0.5158730259287777,0.19860964636497164,0.061622591629164516,0.03621122463914005
2025-05-15,0.09002563283178511,0.12007237731133731,0.27561034093802167,0.5116934523103142,0.5116934523103142,0.19954848584794027,0.062092045189222365,0.03639165724138582
2025-05-16,0.1030307560794742,0.12728660443973358,0.2850224166067348,0.5062480167115492,0.5062480167115492,0.2004796882750663,0.06256317118313727,0.036574633388095835
2025-05-19,0.09414551527062107,0.15361319833830878,0.28335832093767555,0.5086408808476053,0.5086408808476053,0.20140209723838856,0.06303592467269822,0.03676015556947812
2025-05-20,0.0965376987369629,0.17338984951956557,0.2828018226696051,0.5092822513231853,0.5092822513231853,0.2023163820910295,0.06351026082856018,0.03694822573788774
2025-05-21,0.09573048686221639,0.17554427546078125,0.27787784872804927,0.5053272115863551,0.5053272115863551,0.20322278864433158,0.06398613509601768,0.03713884531366768
2025-05-22,0.09123814742671778,0.15792916902755105,0.272244535272828,0.5023677831827345,0.5023677831827345,0.20412052011808213,0.06446350325694965,0.037332015191060684
2025-05-23,0.0818885890778504,0.14738778033169767,0.26768321395903527,0.500481666060961,0.500481666060961,0.20500904782354093,0.06494232125381395,0.03752773574421369
2025-05-26,0.08367703024070228,0.1624160140501108,0.27529421990188163,0.4957590165003272,0.4957590165003272,0.205888115469352,0.06542254508257357,0.037726006833188365
2025-05-27,0.07557124001618841,0.15838042793107884,0.26871642693029324,0.47195002442320977,0.47195002442320977,0.20675684593226748,0.06590413075212612,0.03792682780992653
2025-05-28,0.08462265759706887,0.16552322261691085,0.27497780712726533,0.46928393951924796,0.46928393951924796,0.20761011647628208,0.06638703410595458,0.03813019752415178
2025-05-29,0.09294335523195085,0.16174661126057738,0.2744075272306456,0.47122041647900764,0.47122041647900764,0.2084478249097473,0.06687120969739403,0.038336114329127584
2025-05-30,0.08798238764628208,0.15657192167319503,0.2651516354743895,0.4650395023709544,0.4650395023709544,0.20927091701621958,0.06735661085122643,0.03854457608677032
2025-06-03,0.08148542541840915,0.15838042793107884,0.27179751444694594,0.459747754429502,0.459747754429502,0.21007847173018593,0.06784318995843233,0.03875558017217492
2025-06-04,0.1012030964091941,0.17747208312994778,0.27269097402768583,0.46761960558221277,0.46761960558221277,0.21086982135866267,0.06833089833647467,0.038969123477713107
2025-06-05,0.11996910429846262,0.18235140910805311,0.28459175934823444,0.4758149480387094,0.4758149480387094,0.2116473009494859,0.06881968615395165,0.039185202416660826
2025-06-06,0.12182918458143827,0.1701333607019529,0.2879000472819828,0.46929060988500304,0.46929060988500304,0.21241320806803402,0.06930950303504288,0.03940381292634294
2025-06-09,0.1380319194956349,0.17100469855846384,0.2837288186032962,0.4714726107992153,0.4714726107992153,0.21316641891243115,0.06980029862543752,0.03962495047108987
2025-06-10,0.1356035761562183,0.1630841501729494,0.2721807108272294,0.4638447049676729,0.4638447049676729,0.2139078307307184,0.07029202236004227,0.0398486100452689
2025-06-11,0.13625872895409968,0.16352887291500737,0.271413889306153,0.46270062620111435,0.46270062620111435,0.2146360941979112,0.07078462369702937,0.04007478617628062
2025-06-12,0.16039214011287797,0.16152319468501994,0.2764308941486206,0.46580717953043754,0.46580717953043754,0.21535139243058235,0.07127805183458764,0.0403034729276261
2025-06-13,0.16227512904888855,0.1545262181915103,0.26955362584986914,0.4658744505855399,0.4658744505855399,0.2160548618020833,0.07177225578664805,0.04053466390191243
2025-06-16,0.17341384796469939,0.15792916902755105,0.27102983444429013,0.46090015440748167,0.46090015440748167,0.21674690352613202,0.07226718466928483,0.04076835224383257
2025-06-17,0.17001446102405562,0.15792916902755105,0.2603622054621396,0.4440432232907034,0.4440432232907034,0.21742676970868383,0.07276278780723686,0.04100453064324816
2025-06-18,0.18573906327876008,0.16196988656096495,0.26910308047231646,0.4515046399905654,0.4515046399905654,0.21809108188823617,0.0732590145763572,0.04124319133841676
2025-06-19,0.19567467175888878,0.15338457401315073,0.2680710337924266,0.4502274293160102,0.4502274293160102,0.21874210929423873,0.07375581366193816,0.041484326119284
2025-06-20,0.1988015132629652,0.18549763345406683,0.2615493900662213,0.4445184656396137,0.4445184656396137,0.2193800476104288,0.07425313362506025,0.041727926330502076
2025-06-23,0.19249156463760408,0.19436447730700795,0.2700035799475617,0.4402641519263471,0.4402641519263471,0.22000409159921924,0.07475092297403167,0.0419739828744418
2025-06-24,0.18759401012268723,0.20460021613964283,0.27598930184326903,0.4674521270962679,0.4674521270962679,0.22061380993920307,0.07524913000697278,0.04222248621422935
2025-06-25,0.1888783476707524,0.20460021613964283,0.2814376787881064,0.47003034158419676,0.47003034158419676,0.2212158739305633,0.07574770274639821,0.04247342637673426
2025-06-26,0.19932007100706983,0.24581640528552431,0.279068570261633,0.4696239888269292,0.4696239888269292,0.22181108763906116,0.07624659047518562,0.04272679295548028
2025-06-27,0.22113805513929372,0.248272197797448,0.29014854683814745,0.45261110200180976,0.45261110200180976,0.2223995465530395,0.0767457438749536,0.04298257511417286
2025-06-30,0.2387909975383604,0.25758770508535256,0.3008229279610008,0.46358097216926103,0.46358097216926103,0.22297760801569236,0.07724511499736457,0.043240761590873165
2025-07-01,0.23749739342434747,0.268979205695013,0.29976443159682364,0.4366665248118995,0.4366665248118995,0.223548112351218,0.07774465639506765,0.043501340702771375
2025-07-02,0.2224229409395066,0.29102550403924976,0.28698427590207437,0.4235197938660577,0.4235197938660577,0.22410523733518084,0.07824432175444496,0.0437643003511362
2025-07-03,0.2303865494107955,0.3020037401761971,0.2892387694919503,0.42515867514964995,0.42515867514964995,0.2246465556391593,0.07874406454704332,0.04402962802671428
2025-07-04,0.2236789269369578,0.3155523618252793,0.27850505972059214,0.42528504164937514,0.42528504164937514,0.22517309519433298,0.0792438375122904,0.0442973108149476
2025-07-07,0.2131508907783562,0.3272051433986886,0.2757367077861498,0.4207334878042152,0.4207334878042152,0.2256854988767219,0.0797435929437467,0.04456733540078306
2025-07-08,0.23652367052746148,0.35111916940855453,0.29811135868838495,0.42177684155848,0.42177684155848,0.22618333124366513,0.08024328287451793,0.04483968807322108
2025-07-09,0.23749739342434747,0.3345372391197562,0.31157353408515853,0.41590994580705626,0.41590994580705626,0.22666744402119898,0.08074285901080336,0.045114354729697784
2025-07-10,0.24047025614966114,0.32776385222491705,0.3138420998031517,0.4070683636799175,0.4070683636799175,0.2271370976911306,0.0812422729584386,0.045391320880277156
2025-07-11,0.23745119369009046,0.31843016264014257,0.3174968019812217,0.43009484341486476,0.43009484341486476,0.22759092687684826,0.08174147608003934,0.04567057165176273
2025-07-14,0.24780189292728266,0.31699419407108376,0.31570243222241007,0.4381526021872248,0.4381526021872248,0.2280348118580718,0.08224041921849297,0.04595209179166674
2025-07-15,0.29973626237055745,0.33220197926648565,0.3173849285776215,0.4294479843366259,0.4294479843366259,0.22847097535471436,0.08273905406469678,0.04623586567191763
2025-07-16,0.291840422892799,0.3181434357321352,0.30963338065442825,0.44890412088989234,0.44890412088989234,0.22889776082125546,0.08323733363349228,0.046521877292932716
2025-07-17,0.303644905756816,0.34292553500523154,0.3240884120757202,0.4504510561289264,0.4504510561289264,0.2293199348493677,0.08373521184228863,0.04681011028825031
2025-07-18,0.31075196438472885,0.3304057126796902,0.32534793579324645,0.45060472829893694,0.45060472829893694,0.2297379981156856,0.0842326445554721,0.04710054792950134
2025-07-21,0.3241586877661311,0.3740058741270647,0.32605779910472915,0.45017150340349593,0.45017150340349593,0.2301521145284278,0.0847295896158066,0.0473931731321715
2025-07-22,0.31780480300066455,0.35848787182225367,0.3206699447547282,0.45842769557508734,0.45842769557508734,0.23056230941492445,0.08522600679752089,0.04768796846212579
2025-07-23,0.320969365851294,0.34611985849687443,0.3229343571562341,0.45954284483366276,0.45954284483366276,0.2309705636008934,0.08572185772961292,0.0479849161428333
2025-07-24,0.3191906412179502,0.3726565135875545,0.3194487005017055,0.4627209633624289,0.4627209633624289,0.23137715288202026,0.08621710626206437,0.04828399806321949
2025-07-25,0.31922695853677546,0.3600197746416851,0.32633043258597544,0.5094635878674589,0.5094635878674589,0.23178280404595938,0.086711718429038,0.04858519578627584
2025-07-28,0.33111687943222307,0.40041835853648594,0.34608085869693817,0.5128937156463285,0.5128937156463285,0.2321980098337976,0.08720566251433215,0.04888849055836862
2025-07-29,0.36145206841231403,0.43409319783401035,0.3685831936400317,0.5315055624222749,0.5315055624222749,0.23262298858790484,0.08769891130981837,0.04919386331923695
2025-07-30,0.3625269819625837,0.4467723272624493,0.36543674995441605,0.5162951685597209,0.5162951685597209,0.2330613590660319,0.08819144194711998,0.04950129471365762
2025-07-31,0.3735737564305589,0.4520138049818766,0.3627516336501348,0.5307721605154607,0.5307721605154607,0.23350894289603694,0.08868323650078072,0.04981076510461232
2025-08-01,0.362575184378635,0.4502423917834536,0.3642188487821751,0.5189015415622336,0.5189015415622336,0.23396844597456717,0.08917428080463322,0.050122254588147556
2025-08-04,0.35901702696982635,0.4466726797253854,0.393797551619916,0.5188779223031653,0.5188779223031653,0.23443650515851489,0.08966456487455761,0.050435743009303445
2025-08-05,0.36303909979293486,0.4326443627197524,0.39258665516939906,0.522370452042842,0.522370452042842,0.23491258701555887,0.09015408194262998,0.0507512099792409
2025-08-06,0.3623988317456596,0.4288912569776508,0.4036384292910287,0.5219838702928493,0.5219838702928493,0.2353969721357404,0.09064282817474839,0.05106863489306501
2025-08-07,0.3590818775352872,0.42094176546867895,0.39366321856750014,0.5270273151884807,0.5270273151884807,0.235889050369607,0.09113080258416371,0.051387996948174676
2025-08-08,0.3604383337204585,0.42361153136654517,0.3895179057692625,0.5210804152987424,0.5210804152987424,0.23638946019561277,0.0916180067475919,0.051709275163065054
2025-08-11,0.36911009228570146,0.4283668228704367,0.3873350726687025,0.5295660521451339,0.5295660521451339,0.23689633141819064,0.09210444481526797,0.05203244839642395
2025-08-12,0.3858615473462965,0.45112920924198047,0.38960855625197544,0.6037506836659866,0.6037506836659866,0.2374111315923175,0.09259012295485165,0.05235749536650339
2025-08-13,0.4231021638113537,0.5074107798205325,0.38651291402791843,0.6090461628987803,0.6090461628987803,0.23795003343001117,0.0930750495731922,0.05268439467049361
2025-08-14,0.4058813337117579,0.4652126710287321,0.3737006479692827,0.6491151282504772,0.6491151282504772,0.23851288993358283,0.0935592388346304,0.05301312480399053
2025-08-15,0.4038736859602552,0.49641679364513386,0.37422243740686995,0.6381203960946918,0.6381203960946918,0.23910737454409994,0.09404271032883706,0.053343664182126396
2025-08-18,0.4336573208699966,0.48818442243644655,0.39846635442426825,0.6495436580171637,0.6495436580171637,0.23972927330449165,0.09452549051239881,0.053675991162121496
2025-08-19,0.45321876039396153,0.4968493553885794,0.39209209827998576,0.6426237135326842,0.6426237135326842,0.2403796145122959,0.09500761140055689,0.05401008406782446
2025-08-20,0.44362922451555825,0.4861405495282541,0.394110790879219,0.675669803709597,0.675669803709597,0.24105523488128938,0.09548911050135733,0.054345921215542006
2025-08-21,0.4403716459097033,0.4564038436598759,0.3875175071626326,0.684804834973934,0.684804834973934,0.2417621101318341,0.09597002980751394,0.05468348094105229
2025-08-22,0.4573629885840657,0.48587308306238264,0.4087764982545066,0.7589894664947867,0.7589894664947867,0.2425005230148681,0.09645041689294073,0.05502274162727697
2025-08-25,0.5038268910300756,0.4911842925078926,0.4200734976551639,0.8029175649883081,0.8029175649883081,0.24328536399215595,0.09693032467103885,0.055363681733059965
2025-08-26,0.49742763680386476,0.4663456153310097,0.39433435812478507,0.7861444551505055,0.7861444551505055,0.2441239502819563,0.09740981444941826,0.0557062798228759
2025-08-27,0.5091731666450283,0.4645501042027357,0.39789174883226236,0.7991305744627839,0.7991305744627839,0.24500955119029974,0.09788895712415006,0.05605051459878297
2025-08-28,0.5427473343865706,0.4732529051175736,0.43064844014047454,0.8585673996668148,0.8585673996668148,0.24594244714979743,0.09836783114924194,0.056396364935031106
2025-08-29,0.5388527233865744,0.45843399777810917,0.4115933341324858,0.8333513423810348,0.8333513423810348,0.24693333463703643,0.09884652218178115,0.05674380991426323
2025-09-01,0.5844294070120598,0.4518174195811936,0.4289959918401561,0.8211474109068709,0.8211474109068709,0.24797330226885345,0.09932512508523565,0.05709282886505413
2025-09-02,0.5654941682806606,0.42297262612544423,0.39531632580050335,0.8299319376276174,0.8299319376276174,0.24905678985365687,0.0998037414167342,0.057443401401604574
2025-09-03,0.6007716474356651,0.42179828881188125,0.4107421887394677,0.8087717639231573,0.8087717639231573,0.25018321803157095,0.10028247779105273,0.0577955074643343
2025-09-04,0.552141598492944,0.39756660603475075,0.36363271596507657,0.745276549356436,0.745276549356436,0.2513452795568608,0.10076144544488594,0.05814912736057457
2025-09-05,0.5851785927397565,0.4250978297577411,0.3827423731522834,0.7713228215816291,0.7713228215816291,0.2525264911789159,0.10124075830713371,0.058504241805140765
2025-09-08,0.5529196557230273,0.424567726820072,0.3703134940364198,0.7489094205064715,0.7489094205064715,0.2537313321043127,0.1017205290999523,0.05886083195990455
2025-09-09,0.542992141657774,0.4136856256144677,0.3570185792736858,0.7540071641765322,0.7540071641765322,0.25495314362265414,0.10220087035194943,0.05921887947064316
2025-09-10,0.5663742526962144,0.42689424993789565,0.3587089114085229,0.7686276975074512,0.7686276975074512,0.2561917824582172,0.10268189285488431,0.05957836650174143
2025-09-11,0.6115429172582562,0.45465437251744295,0.387699844634798,0.8035252717749837,0.8035252717749837,0.2574492477077275,0.10316370566440375,0.059939275768143695
2025-09-12,0.5974996958547599,0.46064418820432046,0.4040297257013998,0.8321254145076714,0.8321254145076714,0.2587319925532176,0.1036464165836803,0.06030159056467917
2025-09-15,0.5860255978426576,0.4499462903173833,0.39200210215151,0.8187835970806372,0.8187835970806372,0.2600447194217798,0.10413013362573191,0.060665294793096416
2025-09-16,0.5888340046586802,0.4467723272624493,0.3904685425511603,0.8188118522784441,0.8188118522784441,0.26138244541258304,0.1046149660087477,0.061030372987567486
2025-09-17,0.5845126875470926,0.4623643035306882,0.3947364121641492,0.8193483285742885,0.8193483285742885,0.2627434340375251,0.1051010229220488,0.06139681033917453
2025-09-18,0.5871683785774873,0.45717861269292154,0.3930356341334917,0.8133763266832359,0.8133763266832359,0.26412613978998983,0.10558841308435468,0.061764592718863524
2025-09-19,0.5970263649817636,0.4539716748162859,0.39855466987366617,0.7922944563867699,0.7922944563867699,0.26552762055837353,0.1060772443674718,0.06213370669873254
2025-09-22,0.5942041212037522,0.4688815265318465,0.40813306786573417,0.8067394922484263,0.8067394922484263,0.26694167349175646,0.10656762312510056,0.06250413957155902
2025-09-23,0.6071444530884885,0.4645501042027357,0.39123617977850983,0.7926380999070064,0.7926380999070064,0.268370394126358,0.10705965282238082,0.06287587936834327
2025-09-24,0.5986284988296818,0.45504389366372544,0.39186706365027807,0.7996936196377549,0.7996936196377549,0.2698093440462367,0.10755343460256331,0.06324891487334262
2025-09-25,0.6073859740215108,0.45514120684568443,0.39137146694050184,0.8034343203110197,0.8034343203110197,0.27125906285250473,0.10804906635642242,0.06362323563697016
2025-09-26,0.5907044701879438,0.43045990192671313,0.37780599306819523,0.7891946116816967,0.7891946116816967,0.27271931290217594,0.10854664295988832,0.06399883198624007
2025-09-29,0.5931904382345372,0.4553357527875927,0.3891550639710466,0.7844570714939741,0.7844570714939741,0.274185818540852,0.10904625632644886,0.06437569503298463
2025-09-30,0.5824065968895916,0.45260230667399676,0.3929907626854651,0.7849179614536079,0.7849179614536079,0.27565665352801044,0.10954799454988859,0.06475381667997401
2025-10-09,0.5782993351156377,0.45514120684568443,0.3911910721924526,0.7873031568216682,0.7873031568216682,0.27713115611182415,0.11005194162040567,0.06513318962465539
2025-10-10,0.5707402351377108,0.4357417624264428,0.3599465075703179,0.7602573805476737,0.7602573805476737,0.2786091294433463,0.11055817744145843,0.06551380736050079
2025-10-13,0.5596193766414068,0.4141230387871733,0.3596004307093851,0.7651319531789532,0.7651319531789532,0.28008376350059044,0.11106677795239077,0.06589566417609036
2025-10-14,0.5307318293953456,0.39871007236818173,0.3479793892361424,0.7432404034433658,0.7432404034433658,0.2815557728759016,0.11157781375892517,0.06627875515209979
2025-10-15,0.5384713432238575,0.40650064817216425,0.354768483744967,0.7585965268448774,0.7585965268448774,0.2830198157835236,0.11209135052774764,0.06666307615568182
2025-10-16,0.5505155055949446,0.3974520554709741,0.3540151583696525,0.7689472020200273,0.7689472020200273,0.2844792024010707,0.11260744800107783,0.06704862383255218
2025-10-17,0.5565665615634078,0.37729624170584497,0.3341439480412536,0.7604530974825471,0.7604530974825471,0.28593595384291476,0.1131261610100436,0.06743539559645485
2025-10-20,0.5821718818697968,0.39015940538559973,0.3646090480524364,0.7712148505113766,0.7712148505113766,0.2873877518665981,0.11364754014973041,0.0678233896165985
2025-10-21,0.6130246544376229,0.4068355006394017,0.3816309100867452,0.798198357041012,0.798198357041012,0.2888367295386561,0.11417163144619923,0.06821260480347488
2025-10-22,0.6151628094850998,0.41986818119370006,0.38820077325623814,0.8158058286088564,0.8158058286088564,0.29028856504622835,0.11469847704392079,0.06860304079299666
2025-10-23,0.6125494032556053,0.4183596580760568,0.37583023877170246,0.8070013536599265,0.8070013536599265,0.2917465423929231,0.11522811665840033,0.06899469792935527
2025-10-24,0.6510335180324891,0.4289960503937058,0.3895179057692625,0.8421192073660795,0.8421192073660795,0.2932078365590279,0.11576058841873212,0.06938757724732401
2025-10-27,0.6611152943351293,0.4471706364307157,0.3882462759512908,0.8436318867335099,0.8436318867335099,0.29467964544442743,0.11629592829436532,0.06978168045442146
2025-10-28,0.6638041046981167,0.4495511017092586,0.3840806014389308,0.8295413567475427,0.8295413567475427,0.2961612418034883,0.11683417180681163,0.070177009912692
2025-10-29,0.6688588585570377,0.46803824483012274,0.39926037570332557,0.8246745434775155,0.8246745434775155,0.2976484202797093,0.11737535387295871,0.07057356862090138
2025-10-30,0.6649499518872843,0.4562098854816182,0.3890642934911557,0.8136654292709383,0.8136654292709383,0.2991392592698972,0.11791950787405824,0.0709713601970637
2025-10-31,0.6363436254332078,0.4374849694760556,0.3764900894016962,0.7999896465521282,0.7999896465521282,0.30063055025476193,0.11846666528593953,0.07137038886087255
2025-11-03,0.6413065067536904,0.4201905993602365,0.36529083003362445,0.7914975342848275,0.7914975342848275,0.30211864561293233,0.11901685503914912,0.07177065941588223
2025-11-04,0.6397522378734466,0.4155409008727632,0.3557203258816777,0.7893768960015642,0.7893768960015642,0.30360124855026627,0.11957010281356209,0.0721721772311719
2025-11-05,0.6391924604589533,0.41564973172620423,0.3507314851119441,0.7919203388698932,0.7919203388698932,0.3050776138536193,0.12012643067378913,0.07257494822220917
2025-11-06,0.6530003828356251,0.42297262612544423,0.41269667362973295,0.8299319376276174,0.8299319376276174,0.3065480864887179,0.12068585707366868,0.07297897883079778
2025-11-07,0.6483171507731602,0.4243554626066306,0.4420367084428697,0.8166588456421551,0.8166588456421551,0.30802097785694943,0.12124839710756799,0.07338427600416625
2025-11-10,0.6482827001159147,0.42689424993789565,0.43891105689816756,0.8048432505349573,0.8048432505349573,0.30949264434635243,0.12181406454319268,0.07379084717336283
2025-11-11,0.6327775214662612,0.40448483721594075,0.43416849335729113,0.7864505017808489,0.7864505017808489,0.310959953717222,0.12238287106358364,0.074198700231916
2025-11-12,0.6494889051863773,0.42115609116997915,0.4219756513700891,0.7972520824215504,0.7972520824215504,0.31241845314926536,0.122954825663115,0.07460784351441577
2025-11-13,0.6420105769561026,0.42931024416353863,0.4531718053411075,0.8029087509677537,0.8029087509677537,0.3138704858601084,0.1235299337778707,0.07501828577475744
2025-11-14,0.6289762405406882,0.41727818203187855,0.41999055544936853,0.7849210323022149,0.7849210323022149,0.31531712392084,0.12410819799030644,0.07543003616368343
2025-11-17,0.6435544566959183,0.4111599296517782,0.4243590747971939,0.7781365795927139,0.7781365795927139,0.31675406894958646,0.12468961841404376,0.07584310420598511
2025-11-18,0.6362720209745151,0.4145599107622935,0.428348967344404,0.7854396730753793,0.7854396730753793,0.3181797632904198,0.12527419185226787,0.07625749977756532
2025-11-19,0.647314576055955,0.39503786898007515,0.43508258098219016,0.787061905315662,0.787061905315662,0.31959590264033955,0.12586191161643756,0.07667323308200014
2025-11-20,0.649660839869949,0.4100561406573733,0.42562621148707275,0.7840879832752797,0.7840879832752797,0.3210028247253848,0.1264527680877089,0.0770903146265537
2025-11-21,0.6298449144178692,0.3831904420908116,0.3873350726687025,0.7608833436479965,0.7608833436479965,0.3223998211041081,0.12704674894613135,0.07750875519793711
2025-11-24,0.6245475038619964,0.39630450124551747,0.3869242397861735,0.7650900405950848,0.7650900405950848,0.323781672015232,0.12764383915427488,0.07792856583793803
2025-11-25,0.6410667251789296,0.4237179032684054,0.44892883247040416,0.7644511454906617,0.7644511454906617,0.32514959375133645,0.12824401992790876,0.07834975781893126
2025-11-26,0.6831756866261839,0.41695309224264715,0.5110298647925853,0.7817302376335035,0.7817302376335035,0.32650365849566676,0.12884726920799672,0.07877234261882388
2025-11-27,0.6709838295567667,0.4119305340218939,0.5344165196640255,0.7825650341929363,0.7825650341929363,0.32784797329549686,0.12945356185318743,0.07919633189568699
2025-11-28,0.664792151633121,0.4112701190108344,0.5459256468806866,0.7867563183873976,0.7867563183873976,0.3291827449514628,0.1300628707319527,0.07962173746218783
2025-12-01,0.6799075844186739,0.4242492826293319,0.5256609930628751,0.7962558212268414,0.7962558212268414,0.33050893010695415,0.1306751668834934,0.08004857126033502
2025-12-02,0.6824147012558679,0.41986818119370006,0.5215219597243939,0.786061783077827,0.786061783077827,0.3318286364584476,0.13129041984016712,0.08047684533660526
2025-12-03,0.6708094647401294,0.41138027399403154,0.512996053908072,0.7871535366584339,0.7871535366584339,0.3331394388516167,0.13190859819348297,0.0809065718175886
2025-12-04,0.6783310973603791,0.41149039462281134,0.5116653521580216,0.7982102458626422,0.7982102458626422,0.33444157735798574,0.1325296691123465,0.08133776288639194
2025-12-05,0.6793093731334303,0.41889915647693365,0.5738295625162915,0.7940277966563208,0.7940277966563208,0.3357375267100946,0.1331535984857213,0.08177043075955678
2025-12-08,0.6994648262867506,0.43615270371902864,0.6222977233250325,0.8124618692000645,0.8124618692000645,0.3370262125214854,0.13378035156153945,0.08220458766454017
2025-12-09,0.7201991045399229,0.44013451477092014,0.6051870934222958,0.8176517772246745,0.8176517772246745,0.33831170674634337,0.13440989275540585,0.08264024581802804
2025-12-10,0.7257408579720701,0.4353303423107449,0.6317305724786368,0.8133448278550932,0.8133448278550932,0.3395948998676681,0.135042186627166,0.08307741740496333
2025-12-11,0.7093043507349795,0.41608472001060925,0.6211924273450059,0.802061714787693,0.802061714787693,0.3408745027062447,0.13567719809274226,0.08351611455870185
2025-12-12,0.7065178818110208,0.4238242431346711,0.6241320016934618,0.7907111582597619,0.7907111582597619,0.34214772313207276,0.1363148921347826,0.08395634934234376
2025-12-15,0.6999751532419759,0.44806519264315225,0.613023422602625,0.7870313569485274,0.7870313569485274,0.34341189692253876,0.136955233189567,0.08439813373106018
2025-12-16,0.6884739248271777,0.438404371418803,0.606489600060029,0.7689216508896313,0.7689216508896313,0.3446662236526474,0.13759818459357395,0.08484147959509711
2025-12-17,0.7111283186352092,0.4800276616970889,0.6246347125866875,0.7820210648928544,0.7820210648928544,0.3459067012085906,0.1382437084775442,0.08528639868318151
2025-12-18,0.7001767602011122,0.46822581488844717,0.607379210112731,0.7730780900475587,0.7730780900475587,0.3471365564452011,0.13889176494597666,0.08573290260626915
2025-12-19,0.7004728968745738,0.44567465459426564,0.5923343245365832,0.7670264007698977,0.7670264007698977,0.34835390068695427,0.1395423129250484,0.08618100282125526
2025-12-22,0.7265643802749233,0.4568882734902674,0.6046550206858818,0.7723724572393583,0.7723724572393583,0.34955759642189205,0.1401953098176396,0.08663071061503878
2025-12-23,0.7284782302788233,0.47619849469227393,0.6094619457257076,0.7882880542356593,0.7882880542356593,0.3507491341992809,0.14085071134526664,0.0870820370887743
2025-12-24,0.7357072745424993,0.48372602612448756,0.6026888780283403,0.785286297908326,0.785286297908326,0.3519323141996663,0.14150847198994673,0.08753499314223845
2025-12-25,0.7385775425575809,0.4815658336716216,0.6448942259758556,0.7831977193103894,0.7831977193103894,0.3531064944818697,0.14216854593414927,0.08798958945851086
2025-12-26,0.7317341806665343,0.47720539236083515,0.6049937079506077,0.7783831799254867,0.7783831799254867,0.35427127523712615,0.1428308869543579,0.08844583648938369
2025-12-29,0.7268384734509656,0.4703757391743601,0.5846210020702349,0.7950774463377459,0.7950774463377459,0.35542566804581105,0.1434954483745651,0.08890374444142211
2025-12-30,0.734423771268958,0.4614097186129154,0.5755728581231012,0.8118874916684069,0.8118874916684069,0.35657357856475136,0.144162182889803,0.08936332326262854
2025-12-31,0.7224266520079036,0.45063680787663496,0.5645153333302342,0.79419292103314,0.79419292103314,0.3577187466241661,0.1448310434998898,0.08982458262960687
2026-01-05,0.7298440626886851,0.45881937387014543,0.5723168226009956,0.8044043984602107,0.8044043984602107,0.3588569632366492,0.14550198435897937,0.0902875319356279
2026-01-06,0.7197798023050529,0.46179186232073083,0.5654663661328192,0.8023795600286036,0.8023795600286036,0.35999051232118595,0.1461749597935667,0.0907521802799384
2026-01-07,0.7277139667633604,0.4621735928921576,0.5753092915209223,0.8058303990308324,0.8058303990308324,0.3611188129879114,0.1468499248303528,0.0912185364578145
2026-01-08,0.714252862905704,0.4512276071682086,0.5681422336244867,0.8199122773490559,0.8199122773490559,0.36224254822832475,0.14752683505275124,0.09168660895156444
2026-01-09,0.7072151052897615,0.44766789187300116,0.5987716901436237,0.8329449293383004,0.8329449293383004,0.3633647613603051,0.1482056467486215,0.09215640592237241
2026-01-12,0.7122683149547888,0.41401373628362825,0.6018602120814521,0.8380945131674388,0.8380945131674388,0.36448810857269387,0.14888631758129997,0.0926279352030118
2026-01-13,0.708698022959143,0.3917930605388246,0.5607671378688907,0.8096656474754564,0.8096656474754564,0.365613339462524,0.14956880713928247,0.09310120429168944
2026-01-14,0.7128569128323081,0.3967639705782376,0.5685996323610603,0.8185348666978077,0.8185348666978077,0.3667336105573928,0.15025307702849786,0.09357622034721462
2026-01-15,0.7306631128130392,0.405382174266861,0.573034215671092,0.8116575134365626,0.8116575134365626,0.3678508152601057,0.15093908925054317,0.09405299018547011
2026-01-16,0.7262900656974318,0.40705855932903284,0.5775169791511157,0.814251590824506,0.814251590824506,0.36896321109642055,0.1516268066275487,0.09453152027639213
2026-01-19,0.7199195977240422,0.4038103347045243,0.5716512286887881,0.8129953136211301,0.8129953136211301,0.37007127633535297,0.15231619238728047,0.09501181674162605
2026-01-20,0.7082584013565368,0.39607454217494376,0.5522442672985445,0.7904204194293433,0.7904204194293433,0.3711746013268397,0.1530072102683937,0.09549388535263882
2026-01-21,0.7064596460738173,0.40030472955918445,0.5496398543544005,0.7936883307023328,0.7936883307023328,0.372268002714837,0.15369982442033336,0.09597773152931305
2026-01-22,0.7284782302788233,0.4022314666116608,0.5624684791330655,0.7934267788574443,0.7934267788574443,0.3733523757671154,0.15439399823389183,0.09646336033895452
2026-01-23,0.7082584013565368,0.40279615887113895,0.5632340681841053,0.7879742436052921,0.7879742436052921,0.3744277812725302,0.15508969459819097,0.09695077649516663
2026-01-26,0.7110249554728547,0.3948070832398924,0.5558910108708868,0.7771674609100255,0.7771674609100255,0.3754931133871974,0.1557868759572037,0.0974399843567145
2026-01-27,0.7255209433713798,0.394229458083514,0.575098292260651,0.7774459280521566,0.7774459280521566,0.3765461217209021,0.15648550410107742,0.09793098792640519
2026-01-28,0.7322737885074007,0.3912104795616782,0.5743587705851334,0.7717417320545764,0.7717417320545764,0.3775871684553817,0.15718553971058263,0.09842379084988995
2026-01-29,0.7245569533643864,0.38067639449669005,0.5532580242691012,0.7618627370999668,0.7618627370999668,0.37861525726347955,0.1578869425125865,0.09891839641418779
2026-01-30,0.7434123851686831,0.38473783428116337,0.5774645800252834,0.7640925376971986,0.7640925376971986,0.37962850844331675,0.158589671122437,0.099414807546015
2026-02-02,0.7117130867578764,0.37290223572924036,0.5719442492124537,0.7585965268448774,0.7585965268448774,0.38062786773234697,0.15929368269588745,0.09991302680986025
2026-02-03,0.7109675785220897,0.37971393387772673,0.595083120162679,0.7194225459100896,0.7194225459100896,0.3816125018135928,0.15999893323472425,0.10041305640566195
2026-02-04,0.6934733074986276,0.37814431830836703,0.5903212669911727,0.6971826404104967,0.6971826404104967,0.3825740483977678,0.16070537747726293,0.10091489816624664
2026-02-05,0.6946740298798197,0.3695704710032854,0.5669555367144442,0.6934817628213379,0.6934817628213379,0.38350838413497984,0.1614129671007868,0.10141855355449206
2026-02-06,0.681169760644773,0.3689500125915666,0.5846210020702349,0.6851934717900541,0.6851934717900541,0.38441577562670304,0.16212164996891928,0.10192402365942103
2026-02-09,0.6970748445945513,0.37790221848812927,0.6077631925984047,0.704282795274038,0.704282795274038,0.3852954563472038,0.1628313704059985,0.10243130919094284
2026-02-10,0.6908701917937281,0.37814431830836703,0.6010050763752941,0.7095277685346147,0.7095277685346147,0.38615287076360133,0.1635420692267871,0.10294041047343533
2026-02-11,0.6760545683997035,0.3831904420908116,0.5880931660986627,0.7013142980982839,0.7013142980982839,0.38699008638083165,0.16425368516366257,0.10345132743824219
2026-02-12,0.6732111615904706,0.40369779224419033,0.6140375935247494,0.713792659953352,0.713792659953352,0.38780604847456307,0.1649661554634799,0.10396405961578514
2026-02-13,0.6754750681603194,0.4021184197074326,0.5874066312179406,0.7167734915103875,0.7167734915103875,0.38860442047526317,0.16567941575266812,0.1044786061275824
2026-02-24,0.6898269716044578,0.4237179032684054,0.5907752365596061,0.6985328843308038,0.6985328843308038,0.3893865537908486,0.16639340097129385,0.1049949656781211
2026-02-25,0.6971226825075959,0.4613141180285558,0.6185529797968524,0.7027260953643857,0.7027260953643857,0.3901489649056418,0.16710804574043173,0.10551313654701479
2026-02-26,0.7007806765400139,0.46962942324822937,0.6349805613150357,0.7338798924138076,0.7338798924138076,0.39089340111223647,0.16782328362335636,0.10603311658160083
2026-02-27,0.6773818208558922,0.469722799051302,0.6474673769052827,0.7370701069650506,0.7370701069650506,0.39162759669260927,0.16853904760098537,0.10655490318962638
2026-03-02,0.6998090451221116,0.4723273461637697,0.6426051005317085,0.7418431536084632,0.7418431536084632,0.3923526121352291,0.16925527187078598,0.10707849333223575
2026-03-03,0.6957625031075476,0.46662828431830766,0.6624112231414074,0.7212401021293765,0.7212401021293765,0.3930698152759899,0.1699718920534849,0.10760388351805701
2026-03-04,0.6805360761130895,0.4514243207961646,0.6803599467021022,0.7154643237919838,0.7154643237919838,0.39377479954152955,0.17068884545785346,0.10813106979842815
2026-03-05,0.6916550334459801,0.4457745841450633,0.6678690170921783,0.7336012967330443,0.7336012967330443,0.39446672039707975,0.17140607003214905,0.10866004776382748
2026-03-06,0.6845809267530167,0.44756849679079375,0.6424317144881677,0.7290048990437741,0.7290048990437741,0.39515016184319596,0.17212350416905162,0.10919081254097758
2026-03-09,0.6722667069390531,0.42731561210232083,0.6413460606195819,0.7186968576343953,0.7186968576343953,0.3958243675348998,0.17284108774146942,0.1097233587905028
2026-03-10,0.6855228646493303,0.4496499403348062,0.7036193102305519,0.7262545638669871,0.7262545638669871,0.3964873380143373,0.17355876188420588,0.11025768070557969
2026-03-11,0.6902421891514167,0.48453270320280795,0.7014361207321225,0.7088249281815474,0.7088249281815474,0.39714119866599046,0.1742764685061696,0.11079377201143312
2026-03-12,0.6778884184852271,0.4916233081049334,0.6857707968238282,0.7088249281815474,0.7088249281815474,0.39778235055991606,0.17499415075460978,0.11133162596541651
2026-03-13,0.6824271642402594,0.4834567237042712,0.6745861120372535,0.707749825711054,0.707749825711054,0.3984113020941541,0.1757117521675066,0.11187123535785587
2026-03-16,0.6944992941278525,0.49762663364496124,0.6827774586074139,0.7054678896710476,0.7054678896710476,0.3990282998207605,0.17642921679220988,0.11241259251323761
2026-03-17,0.6830385743916062,0.4795739800096862,0.6478730273902115,0.7017251657398696,0.7017251657398696,0.39963331177507144,0.17714648923889667,0.11295568929177581
2026-03-18,0.7053524672989632,0.4831872157320841,0.6562618445319047,0.696419961694489,0.696419961694489,0.4002259842637383,0.17786351466833164,0.1135005170913633
2026-03-19,0.7025391204536975,0.46188733366021817,0.6929173146031197,0.6852052428704988,0.6852052428704988,0.4008056352172347,0.17858023870749903,0.11404706684988104
2026-03-20,0.7235350141940972,0.45309197659416794,0.7293600441524829,0.6804614858871035,0.6804614858871035,0.40137029282056363,0.1792966072952548,0.11459532904780882
2026-03-23,0.7166156067334765,0.43615270371902864,0.7083023966192592,0.6585657683311084,0.6585657683311084,0.4019195464829229,0.18001256624526027,0.11514529371105156
2026-03-24,0.7186254893410104,0.4641709356310744,0.7171149825859472,0.6818484961569101,0.6818484961569101,0.4024491537915265,0.18072806118199874,0.11569695041377255
2026-03-25,0.7324893747261819,0.46841328535897014,0.7630467395456604,0.6859813822299269,0.6859813822299269,0.402965258340895,0.1814430366178146,0.11625028828120319
2026-03-26,0.7247499878656926,0.4722346566900158,0.7686430850528401,0.680421787465114,0.680421787465114,0.40346939379078245,0.18215743741335164,0.11680529599201377
2026-03-27,0.7156996010936123,0.47820942687990353,0.7715859088954518,0.6800643272651767,0.6800643272651767,0.4039608415665673,0.18287120912747695,0.11736196178092342
2026-03-30,0.7106114610313591,0.49197412799688484,0.761487764358367,0.6742413804133084,0.6742413804133084,0.40444009507054635,0.18358429784254182,0.11792027344169355
2026-03-31,0.699114231497099,0.48048076120801414,0.7341381851925802,0.6634377510306604,0.6634377510306604,0.4049063986341523,0.18429665027073958,0.11848021833040555
2026-04-01,0.7178837022968532,0.48587308306238264,0.7676213953148763,0.6908086712463689,0.6908086712463689,0.4053579193804854,0.18500821357372263,0.1190417833690551
2026-04-02,0.7065178818110208,0.4732529051175736,0.7512094548418726,0.6700031684997473,0.6700031684997473,0.4058015118248651,0.185718934948567,0.11960495504936429
2026-04-03,0.7204895230411462,0.47000277839231175,0.7819583954104657,0.6807392664441456,0.6807392664441456,0.40623285143998056,0.18642876318898902,0.12016971943661266
2026-04-07,0.7276757040726256,0.48542685489450266,0.7695719796618539,0.7161630707291605,0.7161630707291605,0.4066549320978597,0.1871376476524021,0.12073606217418718
2026-04-08,0.7632453484370101,0.5002052726650922,0.7844745671789245,0.7322054498208642,0.7322054498208642,0.40707615666503666,0.18784553892491215,0.12130396848834818
2026-04-09,0.7656388620891893,0.5313355338251234,0.7718832652350068,0.7439202515144081,0.7439202515144081,0.40750014720582334,0.18855239066944002,0.12187342319349759
2026-04-10,0.7853993295824573,0.5215563989246886,0.7854901715633262,0.7482109791926617,0.7482109791926617,0.40792936949781944,0.18925816030428008,0.1224444106987537
2026-04-13,0.7869405407988579,0.5345359712619883,0.8082960174056827,0.7511978006501988,0.7511978006501988,0.4083644930153285,0.18996280938578544,0.12301691501606948
2026-04-14,0.8026382592015056,0.5380155735549961,0.8499010985519632,0.7585899746347007,0.7585899746347007,0.4088058574723633,0.190666303565799,0.12359091976998586
2026-04-15,0.8056838872551527,0.5472052570193631,0.8540191494616561,0.7689472020200273,0.7689472020200273,0.40925477373327895,0.1913686124750868,0.12416640820891454
2026-04-16,0.8183167710662653,0.5535943507821122,0.8603920671425196,0.7793525239525528,0.7793525239525528,0.40971315059123026,0.1920697098292334,0.12474336321781658
2026-04-17,0.8352120970262142,0.5705555638856608,0.8932207764501401,0.7876723915154946,0.7876723915154946,0.41018280769111887,0.19276957366185657,0.12532176733224867
2026-04-20,0.8348136726161134,0.5882107612275064,0.8729924169969931,0.8009354879796022,0.8009354879796022,0.41066499911471693,0.193468186524081,0.1259016027538075
2026-04-21,0.8406869556216426,0.6376475284239758,0.8747363787494867,0.7864505017808489,0.7864505017808489,0.41116202254429685,0.19416553554467877,0.126482851366985
2026-04-22,0.8491081805289238,0.6571750181414558,0.9371248680076364,0.7885864068212797,0.7885864068212797,0.4116698105006511,0.1948616127198816,0.12706549475738363
2026-04-23,0.8530528729376822,0.6522542916664696,0.9316572945237204,0.7843033254215389,0.7843033254215389,0.41218823344885913,0.19555641375428337,0.12764951423134543
2026-04-24,0.849249586225061,0.6344414981409294,0.9486936929249488,0.7932763855916927,0.7932763855916927,0.41271571898591936,0.19624993784400369,0.12823489083639447
2026-04-27,0.8376049024162552,0.6744785294135408,0.9480453150199275,0.7945439628772656,0.7945439628772656,0.41325375159535593,0.1969421871444182,0.1288216053823445
2026-04-28,0.8246975245291452,0.6754704507393637,0.9294024376784767,0.7998416600162693,0.7998416600162693,0.4138020027698577,0.19763316695091696,0.12940963846278997
2026-04-29,0.8332152206188158,0.6972538525335469,0.9165969402011491,0.8121259567740791,0.8121259567740791,0.41436106232045555,0.19832288546124022,0.12999897047703282
2026-04-30,0.8381856293661619,0.7125999875606536,0.9174047661175604,0.8863115457044108,0.8863115457044108,0.41493305740498226,0.1990113537549692,0.1305895816523064
2026-05-06,0.8375930021522168,0.7769458931664771,0.9362978497836727,0.9151905988604601,0.9151905988604601,0.4155339305118288,0.19969858611860988,0.13118145206626253
2026-05-07,0.8459784763188377,0.7865907811113249,0.9549715418847878,0.9246663728693747,0.9246663728693747,0.416168619761223,0.20038460346139522,0.1317745616698444
2026-05-08,0.8492533990051975,0.7935994383987187,0.9928823505577233,0.9012357196623573,0.9012357196623573,0.41683743513892935,0.20106943408130565,0.13236889031205337
2026-05-11,0.8693301107307186,0.7870851811460637,0.9885018167352463,0.9071977793144825,0.9071977793144825,0.41753325156153015,0.20175311334811044,0.1329644177668481
2026-05-12,0.8962735944247981,0.7909028878095018,0.9870687842123772,0.9327592913082858,0.9327592913082858,0.4182559011506473,0.20243568172616724,0.13356112376191462
2026-05-13,0.9065009012156455,0.8207354187118927,0.9913343659700092,0.9449852510342727,0.9449852510342727,0.4190096219737236,0.20311718445914975,0.13415898800831172
2026-05-14,0.9156728454054892,0.7909028878095018,1.0,0.927220780048117,0.927220780048117,0.4197954254737439,0.20379767225972248,0.13475799023079182
2026-05-15,0.9067171184186913,0.7826489468501107,0.9764491554520839,0.9102355208362629,0.9102355208362629,0.4206075100090692,0.2044772012362832,0.13535811019906094
2026-05-18,0.9051423859450131,0.8017500264303321,0.9679232362241493,0.9129134638766865,0.9129134638766865,0.4214405273005905,0.2051558312880064,0.13595932775988334
2026-05-19,0.9002457465904202,0.8145665734785699,0.9625881578314566,0.9457009476985576,0.9457009476985576,0.42229381108166253,0.20583362468045246,0.1365616228692523
2026-05-20,0.9025396408742947,0.8455477060838674,0.9559372677615785,0.9588050359858262,0.9588050359858262,0.4231734937374795,0.20651064574480896,0.13716497562396787
2026-05-21,0.8879724459895554,0.8069613435123311,0.9221738081965989,0.9368840192418009,0.9368840192418009,0.4240809602167131,0.2071869621209688,0.13776936629250205
2026-05-22,0.9028595521263377,0.8419872591638363,0.9400402256116291,0.9353378189209313,0.9353378189209313,0.4250096329106941,0.20786264486883077,0.13837477534573234
2026-05-25,0.9203535117640701,0.8412708411758267,0.9396577995274119,0.9717546695112533,0.9717546695112533,0.42595783773951895,0.20853776678096636,0.1389811834875865
2026-05-26,0.9234385114571707,0.838453920074013,0.9229686155263491,0.9730418724845846,0.9730418724845846,0.42693251709808555,0.20921240188221985,0.13958857168482997
2026-05-27,0.9259993168483568,0.8317533027835122,0.9253895331853659,0.9520615522042158,0.9520615522042158,0.4279323500677622,0.2098866268925398,0.14019692119580007
2026-05-28,0.9514247892390605,0.8764246022676142,0.9573245360594445,0.9673951239640228,0.9673951239640228,0.4289510601717213,0.21056052075627646,0.14080621359878523
2026-05-29,0.9408458337411131,0.893980968980958,0.9565969201403159,0.9428555731650212,0.9428555731650212,0.4299908468134672,0.2112341630790843,0.141416430819842
2026-06-01,0.9316307246583813,0.9020583158050791,0.9055058302073167,0.9198723254064546,0.9198723254064546,0.43104481843271475,0.21190763454983366,0.1420275551593626
2026-06-02,0.9496725226328606,0.8978900479938887,0.9190244058912398,0.9397400381508119,0.9397400381508119,0.4321067717936954,0.21258101529555634,0.14263956931763289
2026-06-03,0.9725340996419649,0.8909072222047659,0.9444796107649289,0.9634606973848359,0.9634606973848359,0.4331804516763453,0.21325438347385994,0.1432524564186797
2026-06-04,0.9738603544283443,0.8845629467854048,0.9523741160869973,0.9577561643336744,0.9577561643336744,0.43427027725480155,0.21392781617500653,0.143866200031849
2026-06-05,0.9462956526306816,0.8763655804298827,0.9331554307466895,0.9394897617312806,0.9394897617312806,0.4353738188251848,0.21460139043120655,0.14448078419162425
2026-06-08,0.9390408553236298,0.8867763743637728,0.8994132016321078,0.9239111416715908,0.9239111416715908,0.43648593560781407,0.2152751826345813,0.14509619341621854
2026-06-09,0.9462985177028758,0.9240534394157814,0.9259020204350669,0.930250913204063,0.930250913204063,0.43760234480325727,0.21594926737463221,0.1457124127247314
2026-06-10,0.9366659217606756,0.9248269203988247,0.9074786532858959,0.9175568205352038,0.9175568205352038,0.43872390752439705,0.21662371652780577,0.14632942765241105
2026-06-11,0.9297869706721659,0.9156251403026192,0.9262716742831723,0.9137511243996592,0.9137511243996592,0.439847156971933,0.2172985995512979,0.14694722426370066
2026-06-12,0.9372793821438229,0.9277980992219343,0.8997715941572673,0.9205285945384241,0.9205285945384241,0.44097079891434376,0.21797398278959537,0.1475657891633052
2026-06-15,0.9644660544694773,0.9817166211253138,0.925590020057276,0.9505650990699078,0.9505650990699078,0.44209598498002134,0.21864992930604013,0.14818510950506136
2026-06-16,0.9653078700967423,1.0,0.9394118690071337,0.9419372147639002,0.9419372147639002,0.44322904193055856,0.21932649927473408,0.14880517299864016
2026-06-17,0.9728476550554046,0.985488822562564,0.9358952824607358,0.9459674232242663,0.9459674232242663,0.44436727730035885,0.22000375151867876,0.14942596791436424
2026-06-18,0.9964313613723553,0.9813436579963689,0.95349683405707,1.0,1.0,0.44551097914120114,0.22068174294241613,0.1500474830869241
2026-06-22,1.0,0.988340122545888,0.9716801183947278,0.9861440168316311,0.9861440168316311,0.4466716693415498,0.22136052866464387,0.1506697079177909
2026-06-23,0.9817513958412597,0.932415665184361,0.9543549471759963,0.9736697957476845,0.9736697957476845,0.4478450113034139,0.22204016467274448,0.1512926323764505
